           km_, km_item_id, km_action_id, km_unit_num, km_unit_id, 
       sSlabel,    eGLOBAL,    eSSHORT,     eUCHAR,    eSSHORT, 
 0 : dougu_yakusou_1_01,    8978432,       1883,         11,          0, 
          ,           ,       1884,           ,        130, 
          ,           ,       1885,           ,          1, 
          ,           ,       1886,           ,          3, 
          ,           ,       1887,           ,        129, 
          ,           ,         -1,           ,        163, 
          ,           ,         -1,           ,        164, 
          ,           ,         -1,           ,        261, 
          ,           ,         -1,           ,          7, 
          ,           ,         -1,           ,         71, 
          ,           ,         -1,           ,        361, 
          ,           ,         -1,           ,         -1, 
          ,           ,         -1,           ,         -1, 
          ,           ,         -1,           ,         -1, 
          ,           ,         -1,           ,         -1, 
          ,           ,           ,           ,         -1, 
          ,           ,           ,           ,         -1, 
          ,           ,           ,           ,         -1, 
          ,           ,           ,           ,         -1, 
          ,           ,           ,           ,         -1, 
          ,           ,           ,           ,         -1, 
 1 : dougu_yakusou_1_02,    8978433,       1893,          7,          1, 
          ,           ,       1894,           ,          3, 
          ,           ,       1895,           ,        129, 
          ,           ,       1896,           ,        261, 
          ,           ,       1897,           ,        163, 
          ,           ,         -1,           ,          7, 
          ,           ,         -1,           ,        361, 
          ,           ,         -1,           ,         -1, 
          ,           ,         -1,           ,         -1, 
          ,           ,         -1,           ,         -1, 
          ,           ,         -1,           ,         -1, 
          ,           ,         -1,           ,         -1, 
          ,           ,         -1,           ,         -1, 
          ,           ,         -1,           ,         -1, 
          ,           ,         -1,           ,         -1, 
          ,           ,           ,           ,         -1, 
          ,           ,           ,           ,         -1, 
          ,           ,           ,           ,         -1, 
          ,           ,           ,           ,         -1, 
          ,           ,           ,           ,         -1, 
          ,           ,           ,           ,         -1, 
 2 : dougu_yakusou_1_03,    8978434,       1898,          7,          1, 
          ,           ,       1899,           ,          3, 
          ,           ,       1900,           ,        129, 
          ,           ,       1901,           ,        261, 
          ,           ,       1902,           ,        163, 
          ,           ,         -1,           ,          7, 
          ,           ,         -1,           ,        361, 
          ,           ,         -1,           ,         -1, 
          ,           ,         -1,           ,         -1, 
          ,           ,         -1,           ,         -1, 
          ,           ,         -1,           ,         -1, 
          ,           ,         -1,           ,         -1, 
          ,           ,         -1,           ,         -1, 
          ,           ,         -1,           ,         -1, 
          ,           ,         -1,           ,         -1, 
          ,           ,           ,           ,         -1, 
          ,           ,           ,           ,         -1, 
          ,           ,           ,           ,         -1, 
          ,           ,           ,           ,         -1, 
          ,           ,           ,           ,         -1, 
          ,           ,           ,           ,         -1, 
 3 : dougu_yakusou_1_04,    8978435,       1888,          8,          1, 
          ,           ,       1889,           ,          3, 
          ,           ,       1890,           ,        129, 
          ,           ,       1891,           ,        261, 
          ,           ,       1892,           ,        163, 
          ,           ,         -1,           ,          7, 
          ,           ,         -1,           ,         71, 
          ,           ,         -1,           ,        361, 
          ,           ,         -1,           ,         -1, 
          ,           ,         -1,           ,         -1, 
          ,           ,         -1,           ,         -1, 
          ,           ,         -1,           ,         -1, 
          ,           ,         -1,           ,         -1, 
          ,           ,         -1,           ,         -1, 
          ,           ,         -1,           ,         -1, 
          ,           ,           ,           ,         -1, 
          ,           ,           ,           ,         -1, 
          ,           ,           ,           ,         -1, 
          ,           ,           ,           ,         -1, 
          ,           ,           ,           ,         -1, 
          ,           ,           ,           ,         -1, 
 4 : dougu_yakusou_1_05,    8978436,       1903,          7,          1, 
          ,           ,       1904,           ,          3, 
          ,           ,       1905,           ,        129, 
          ,           ,       1906,           ,        163, 
          ,           ,       1907,           ,        261, 
          ,           ,         -1,           ,          7, 
          ,           ,         -1,           ,        361, 
          ,           ,         -1,           ,         -1, 
          ,           ,         -1,           ,         -1, 
          ,           ,         -1,           ,         -1, 
          ,           ,         -1,           ,         -1, 
          ,           ,         -1,           ,         -1, 
          ,           ,         -1,           ,         -1, 
          ,           ,         -1,           ,         -1, 
          ,           ,         -1,           ,         -1, 
          ,           ,           ,           ,         -1, 
          ,           ,           ,           ,         -1, 
          ,           ,           ,           ,         -1, 
          ,           ,           ,           ,         -1, 
          ,           ,           ,           ,         -1, 
          ,           ,           ,           ,         -1, 
 5 : dougu_yakusou_1_06,    8978437,       1908,          5,          1, 
          ,           ,       1909,           ,          3, 
          ,           ,       1910,           ,        261, 
          ,           ,       1911,           ,        163, 
          ,           ,       1912,           ,          7, 
          ,           ,         -1,           ,         -1, 
          ,           ,         -1,           ,         -1, 
          ,           ,         -1,           ,         -1, 
          ,           ,         -1,           ,         -1, 
          ,           ,         -1,           ,         -1, 
          ,           ,         -1,           ,         -1, 
          ,           ,         -1,           ,         -1, 
          ,           ,         -1,           ,         -1, 
          ,           ,         -1,           ,         -1, 
          ,           ,         -1,           ,         -1, 
          ,           ,           ,           ,         -1, 
          ,           ,           ,           ,         -1, 
          ,           ,           ,           ,         -1, 
          ,           ,           ,           ,         -1, 
          ,           ,           ,           ,         -1, 
          ,           ,           ,           ,         -1, 
 6 : dougu_yakusou_2_01,    8978438,       1883,         11,          0, 
          ,           ,       1884,           ,        130, 
          ,           ,       1885,           ,          1, 
          ,           ,       1886,           ,          3, 
          ,           ,       1887,           ,        129, 
          ,           ,       1888,           ,        163, 
          ,           ,       1889,           ,        164, 
          ,           ,       1890,           ,        261, 
          ,           ,       1891,           ,          7, 
          ,           ,       1892,           ,         71, 
          ,           ,         -1,           ,        361, 
          ,           ,         -1,           ,         -1, 
          ,           ,         -1,           ,         -1, 
          ,           ,         -1,           ,         -1, 
          ,           ,         -1,           ,         -1, 
          ,           ,           ,           ,         -1, 
          ,           ,           ,           ,         -1, 
          ,           ,           ,           ,         -1, 
          ,           ,           ,           ,         -1, 
          ,           ,           ,           ,         -1, 
          ,           ,           ,           ,         -1, 
 7 : dougu_yakusou_2_02,    8978439,       1893,          7,          1, 
          ,           ,       1894,           ,          3, 
          ,           ,       1895,           ,        129, 
          ,           ,       1896,           ,        261, 
          ,           ,       1897,           ,        163, 
          ,           ,         -1,           ,          7, 
          ,           ,         -1,           ,        361, 
          ,           ,         -1,           ,         -1, 
          ,           ,         -1,           ,         -1, 
          ,           ,         -1,           ,         -1, 
          ,           ,         -1,           ,         -1, 
          ,           ,         -1,           ,         -1, 
          ,           ,         -1,           ,         -1, 
          ,           ,         -1,           ,         -1, 
          ,           ,         -1,           ,         -1, 
          ,           ,           ,           ,         -1, 
          ,           ,           ,           ,         -1, 
          ,           ,           ,           ,         -1, 
          ,           ,           ,           ,         -1, 
          ,           ,           ,           ,         -1, 
          ,           ,           ,           ,         -1, 
 8 : dougu_yakusou_2_03,    8978440,       1898,          7,          1, 
          ,           ,       1899,           ,          3, 
          ,           ,       1900,           ,        129, 
          ,           ,       1901,           ,        261, 
          ,           ,       1902,           ,        163, 
          ,           ,       1903,           ,          7, 
          ,           ,       1904,           ,        361, 
          ,           ,       1905,           ,         -1, 
          ,           ,       1906,           ,         -1, 
          ,           ,       1907,           ,         -1, 
          ,           ,         -1,           ,         -1, 
          ,           ,         -1,           ,         -1, 
          ,           ,         -1,           ,         -1, 
          ,           ,         -1,           ,         -1, 
          ,           ,         -1,           ,         -1, 
          ,           ,           ,           ,         -1, 
          ,           ,           ,           ,         -1, 
          ,           ,           ,           ,         -1, 
          ,           ,           ,           ,         -1, 
          ,           ,           ,           ,         -1, 
          ,           ,           ,           ,         -1, 
 9 : dougu_yakusou_2_04,    8978441,       1908,          5,          1, 
          ,           ,       1909,           ,          3, 
          ,           ,       1910,           ,        261, 
          ,           ,       1911,           ,        163, 
          ,           ,       1912,           ,          7, 
          ,           ,         -1,           ,         -1, 
          ,           ,         -1,           ,         -1, 
          ,           ,         -1,           ,         -1, 
          ,           ,         -1,           ,         -1, 
          ,           ,         -1,           ,         -1, 
          ,           ,         -1,           ,         -1, 
          ,           ,         -1,           ,         -1, 
          ,           ,         -1,           ,         -1, 
          ,           ,         -1,           ,         -1, 
          ,           ,         -1,           ,         -1, 
          ,           ,           ,           ,         -1, 
          ,           ,           ,           ,         -1, 
          ,           ,           ,           ,         -1, 
          ,           ,           ,           ,         -1, 
          ,           ,           ,           ,         -1, 
          ,           ,           ,           ,         -1, 
10 : dougu_potion_1_01,    8978442,       1913,          7,          0, 
          ,           ,       1914,           ,          5, 
          ,           ,       1915,           ,         65, 
          ,           ,       1916,           ,        163, 
          ,           ,       1917,           ,        261, 
          ,           ,       1918,           ,         71, 
          ,           ,       1919,           ,        356, 
          ,           ,       1920,           ,         -1, 
          ,           ,       1921,           ,         -1, 
          ,           ,       1922,           ,         -1, 
          ,           ,       1923,           ,         -1, 
          ,           ,       1924,           ,         -1, 
          ,           ,       1925,           ,         -1, 
          ,           ,       1926,           ,         -1, 
          ,           ,       1927,           ,         -1, 
          ,           ,           ,           ,         -1, 
          ,           ,           ,           ,         -1, 
          ,           ,           ,           ,         -1, 
          ,           ,           ,           ,         -1, 
          ,           ,           ,           ,         -1, 
          ,           ,           ,           ,         -1, 
11 : dougu_potion_1_02,    8978443,       1928,          2,         65, 
          ,           ,       1929,           ,        356, 
          ,           ,       1930,           ,         -1, 
          ,           ,       1931,           ,         -1, 
          ,           ,       1932,           ,         -1, 
          ,           ,       1933,           ,         -1, 
          ,           ,       1934,           ,         -1, 
          ,           ,       1935,           ,         -1, 
          ,           ,       1936,           ,         -1, 
          ,           ,       1937,           ,         -1, 
          ,           ,         -1,           ,         -1, 
          ,           ,         -1,           ,         -1, 
          ,           ,         -1,           ,         -1, 
          ,           ,         -1,           ,         -1, 
          ,           ,         -1,           ,         -1, 
          ,           ,           ,           ,         -1, 
          ,           ,           ,           ,         -1, 
          ,           ,           ,           ,         -1, 
          ,           ,           ,           ,         -1, 
          ,           ,           ,           ,         -1, 
          ,           ,           ,           ,         -1, 
12 : dougu_potion_1_03,    8978444,       1938,          0,         -1, 
          ,           ,       1939,           ,         -1, 
          ,           ,       1940,           ,         -1, 
          ,           ,       1941,           ,         -1, 
          ,           ,       1942,           ,         -1, 
          ,           ,         -1,           ,         -1, 
          ,           ,         -1,           ,         -1, 
          ,           ,         -1,           ,         -1, 
          ,           ,         -1,           ,         -1, 
          ,           ,         -1,           ,         -1, 
          ,           ,         -1,           ,         -1, 
          ,           ,         -1,           ,         -1, 
          ,           ,         -1,           ,         -1, 
          ,           ,         -1,           ,         -1, 
          ,           ,         -1,           ,         -1, 
          ,           ,           ,           ,         -1, 
          ,           ,           ,           ,         -1, 
          ,           ,           ,           ,         -1, 
          ,           ,           ,           ,         -1, 
          ,           ,           ,           ,         -1, 
          ,           ,           ,           ,         -1, 
13 : dougu_potion_2_01,    8978445,       1913,          7,          0, 
          ,           ,       1914,           ,          5, 
          ,           ,       1915,           ,         65, 
          ,           ,       1916,           ,        163, 
          ,           ,       1917,           ,        261, 
          ,           ,         -1,           ,         71, 
          ,           ,         -1,           ,        356, 
          ,           ,         -1,           ,         -1, 
          ,           ,         -1,           ,         -1, 
          ,           ,         -1,           ,         -1, 
          ,           ,         -1,           ,         -1, 
          ,           ,         -1,           ,         -1, 
          ,           ,         -1,           ,         -1, 
          ,           ,         -1,           ,         -1, 
          ,           ,         -1,           ,         -1, 
          ,           ,           ,           ,         -1, 
          ,           ,           ,           ,         -1, 
          ,           ,           ,           ,         -1, 
          ,           ,           ,           ,         -1, 
          ,           ,           ,           ,         -1, 
          ,           ,           ,           ,         -1, 
14 : dougu_potion_2_02,    8978446,       1918,          2,         65, 
          ,           ,       1919,           ,        356, 
          ,           ,       1920,           ,         -1, 
          ,           ,       1921,           ,         -1, 
          ,           ,       1922,           ,         -1, 
          ,           ,         -1,           ,         -1, 
          ,           ,         -1,           ,         -1, 
          ,           ,         -1,           ,         -1, 
          ,           ,         -1,           ,         -1, 
          ,           ,         -1,           ,         -1, 
          ,           ,         -1,           ,         -1, 
          ,           ,         -1,           ,         -1, 
          ,           ,         -1,           ,         -1, 
          ,           ,         -1,           ,         -1, 
          ,           ,         -1,           ,         -1, 
          ,           ,           ,           ,         -1, 
          ,           ,           ,           ,         -1, 
          ,           ,           ,           ,         -1, 
          ,           ,           ,           ,         -1, 
          ,           ,           ,           ,         -1, 
          ,           ,           ,           ,         -1, 
15 : dougu_potion_2_03,    8978447,       1923,          2,         65, 
          ,           ,       1924,           ,        356, 
          ,           ,       1925,           ,         -1, 
          ,           ,       1926,           ,         -1, 
          ,           ,       1927,           ,         -1, 
          ,           ,         -1,           ,         -1, 
          ,           ,         -1,           ,         -1, 
          ,           ,         -1,           ,         -1, 
          ,           ,         -1,           ,         -1, 
          ,           ,         -1,           ,         -1, 
          ,           ,         -1,           ,         -1, 
          ,           ,         -1,           ,         -1, 
          ,           ,         -1,           ,         -1, 
          ,           ,         -1,           ,         -1, 
          ,           ,         -1,           ,         -1, 
          ,           ,           ,           ,         -1, 
          ,           ,           ,           ,         -1, 
          ,           ,           ,           ,         -1, 
          ,           ,           ,           ,         -1, 
          ,           ,           ,           ,         -1, 
          ,           ,           ,           ,         -1, 
16 : dougu_potion_2_04,    8978448,       1928,          2,         65, 
          ,           ,       1929,           ,        356, 
          ,           ,       1930,           ,         -1, 
          ,           ,       1931,           ,         -1, 
          ,           ,       1932,           ,         -1, 
          ,           ,         -1,           ,         -1, 
          ,           ,         -1,           ,         -1, 
          ,           ,         -1,           ,         -1, 
          ,           ,         -1,           ,         -1, 
          ,           ,         -1,           ,         -1, 
          ,           ,         -1,           ,         -1, 
          ,           ,         -1,           ,         -1, 
          ,           ,         -1,           ,         -1, 
          ,           ,         -1,           ,         -1, 
          ,           ,         -1,           ,         -1, 
          ,           ,           ,           ,         -1, 
          ,           ,           ,           ,         -1, 
          ,           ,           ,           ,         -1, 
          ,           ,           ,           ,         -1, 
          ,           ,           ,           ,         -1, 
          ,           ,           ,           ,         -1, 
17 : dougu_potion_2_05,    8978449,       1933,          2,         65, 
          ,           ,       1934,           ,        356, 
          ,           ,       1935,           ,         -1, 
          ,           ,       1936,           ,         -1, 
          ,           ,       1937,           ,         -1, 
          ,           ,         -1,           ,         -1, 
          ,           ,         -1,           ,         -1, 
          ,           ,         -1,           ,         -1, 
          ,           ,         -1,           ,         -1, 
          ,           ,         -1,           ,         -1, 
          ,           ,         -1,           ,         -1, 
          ,           ,         -1,           ,         -1, 
          ,           ,         -1,           ,         -1, 
          ,           ,         -1,           ,         -1, 
          ,           ,         -1,           ,         -1, 
          ,           ,           ,           ,         -1, 
          ,           ,           ,           ,         -1, 
          ,           ,           ,           ,         -1, 
          ,           ,           ,           ,         -1, 
          ,           ,           ,           ,         -1, 
          ,           ,           ,           ,         -1, 
18 : dougu_potion_2_06,    8978450,       1938,          0,         -1, 
          ,           ,       1939,           ,         -1, 
          ,           ,       1940,           ,         -1, 
          ,           ,       1941,           ,         -1, 
          ,           ,       1942,           ,         -1, 
          ,           ,         -1,           ,         -1, 
          ,           ,         -1,           ,         -1, 
          ,           ,         -1,           ,         -1, 
          ,           ,         -1,           ,         -1, 
          ,           ,         -1,           ,         -1, 
          ,           ,         -1,           ,         -1, 
          ,           ,         -1,           ,         -1, 
          ,           ,         -1,           ,         -1, 
          ,           ,         -1,           ,         -1, 
          ,           ,         -1,           ,         -1, 
          ,           ,           ,           ,         -1, 
          ,           ,           ,           ,         -1, 
          ,           ,           ,           ,         -1, 
          ,           ,           ,           ,         -1, 
          ,           ,           ,           ,         -1, 
          ,           ,           ,           ,         -1, 
19 : dougu_cream_1_01,    8978451,       1943,          6,          0, 
          ,           ,       1944,           ,        129, 
          ,           ,       1945,           ,        163, 
          ,           ,       1946,           ,        197, 
          ,           ,       1947,           ,        294, 
          ,           ,       1948,           ,        355, 
          ,           ,       1949,           ,         -1, 
          ,           ,       1950,           ,         -1, 
          ,           ,       1951,           ,         -1, 
          ,           ,       1952,           ,         -1, 
          ,           ,         -1,           ,         -1, 
          ,           ,         -1,           ,         -1, 
          ,           ,         -1,           ,         -1, 
          ,           ,         -1,           ,         -1, 
          ,           ,         -1,           ,         -1, 
          ,           ,           ,           ,         -1, 
          ,           ,           ,           ,         -1, 
          ,           ,           ,           ,         -1, 
          ,           ,           ,           ,         -1, 
          ,           ,           ,           ,         -1, 
          ,           ,           ,           ,         -1, 
20 : dougu_cream_1_02,    8978452,       1953,          3,        197, 
          ,           ,       1954,           ,        294, 
          ,           ,       1955,           ,        355, 
          ,           ,       1956,           ,         -1, 
          ,           ,       1957,           ,         -1, 
          ,           ,       1958,           ,         -1, 
          ,           ,       1959,           ,         -1, 
          ,           ,       1960,           ,         -1, 
          ,           ,       1961,           ,         -1, 
          ,           ,       1962,           ,         -1, 
          ,           ,         -1,           ,         -1, 
          ,           ,         -1,           ,         -1, 
          ,           ,         -1,           ,         -1, 
          ,           ,         -1,           ,         -1, 
          ,           ,         -1,           ,         -1, 
          ,           ,           ,           ,         -1, 
          ,           ,           ,           ,         -1, 
          ,           ,           ,           ,         -1, 
          ,           ,           ,           ,         -1, 
          ,           ,           ,           ,         -1, 
          ,           ,           ,           ,         -1, 
21 : dougu_cream_1_03,    8978453,       1963,          2,        197, 
          ,           ,       1964,           ,        355, 
          ,           ,       1965,           ,         -1, 
          ,           ,       1966,           ,         -1, 
          ,           ,       1967,           ,         -1, 
          ,           ,         -1,           ,         -1, 
          ,           ,         -1,           ,         -1, 
          ,           ,         -1,           ,         -1, 
          ,           ,         -1,           ,         -1, 
          ,           ,         -1,           ,         -1, 
          ,           ,         -1,           ,         -1, 
          ,           ,         -1,           ,         -1, 
          ,           ,         -1,           ,         -1, 
          ,           ,         -1,           ,         -1, 
          ,           ,         -1,           ,         -1, 
          ,           ,           ,           ,         -1, 
          ,           ,           ,           ,         -1, 
          ,           ,           ,           ,         -1, 
          ,           ,           ,           ,         -1, 
          ,           ,           ,           ,         -1, 
          ,           ,           ,           ,         -1, 
22 : dougu_cream_1_04,    8978454,       1968,          0,         -1, 
          ,           ,       1969,           ,         -1, 
          ,           ,       1970,           ,         -1, 
          ,           ,       1971,           ,         -1, 
          ,           ,       1972,           ,         -1, 
          ,           ,         -1,           ,         -1, 
          ,           ,         -1,           ,         -1, 
          ,           ,         -1,           ,         -1, 
          ,           ,         -1,           ,         -1, 
          ,           ,         -1,           ,         -1, 
          ,           ,         -1,           ,         -1, 
          ,           ,         -1,           ,         -1, 
          ,           ,         -1,           ,         -1, 
          ,           ,         -1,           ,         -1, 
          ,           ,         -1,           ,         -1, 
          ,           ,           ,           ,         -1, 
          ,           ,           ,           ,         -1, 
          ,           ,           ,           ,         -1, 
          ,           ,           ,           ,         -1, 
          ,           ,           ,           ,         -1, 
          ,           ,           ,           ,         -1, 
23 : dougu_cream_2_01,    8978455,       1943,          6,          0, 
          ,           ,       1944,           ,        129, 
          ,           ,       1945,           ,        163, 
          ,           ,       1946,           ,        197, 
          ,           ,       1947,           ,        294, 
          ,           ,         -1,           ,        355, 
          ,           ,         -1,           ,         -1, 
          ,           ,         -1,           ,         -1, 
          ,           ,         -1,           ,         -1, 
          ,           ,         -1,           ,         -1, 
          ,           ,         -1,           ,         -1, 
          ,           ,         -1,           ,         -1, 
          ,           ,         -1,           ,         -1, 
          ,           ,         -1,           ,         -1, 
          ,           ,         -1,           ,         -1, 
          ,           ,           ,           ,         -1, 
          ,           ,           ,           ,         -1, 
          ,           ,           ,           ,         -1, 
          ,           ,           ,           ,         -1, 
          ,           ,           ,           ,         -1, 
          ,           ,           ,           ,         -1, 
24 : dougu_cream_2_02,    8978456,       1948,          4,        163, 
          ,           ,       1949,           ,        197, 
          ,           ,       1950,           ,        294, 
          ,           ,       1951,           ,        355, 
          ,           ,       1952,           ,         -1, 
          ,           ,         -1,           ,         -1, 
          ,           ,         -1,           ,         -1, 
          ,           ,         -1,           ,         -1, 
          ,           ,         -1,           ,         -1, 
          ,           ,         -1,           ,         -1, 
          ,           ,         -1,           ,         -1, 
          ,           ,         -1,           ,         -1, 
          ,           ,         -1,           ,         -1, 
          ,           ,         -1,           ,         -1, 
          ,           ,         -1,           ,         -1, 
          ,           ,           ,           ,         -1, 
          ,           ,           ,           ,         -1, 
          ,           ,           ,           ,         -1, 
          ,           ,           ,           ,         -1, 
          ,           ,           ,           ,         -1, 
          ,           ,           ,           ,         -1, 
25 : dougu_cream_2_03,    8978457,       1953,          3,        197, 
          ,           ,       1954,           ,        294, 
          ,           ,       1955,           ,        355, 
          ,           ,       1956,           ,         -1, 
          ,           ,       1957,           ,         -1, 
          ,           ,         -1,           ,         -1, 
          ,           ,         -1,           ,         -1, 
          ,           ,         -1,           ,         -1, 
          ,           ,         -1,           ,         -1, 
          ,           ,         -1,           ,         -1, 
          ,           ,         -1,           ,         -1, 
          ,           ,         -1,           ,         -1, 
          ,           ,         -1,           ,         -1, 
          ,           ,         -1,           ,         -1, 
          ,           ,         -1,           ,         -1, 
          ,           ,           ,           ,         -1, 
          ,           ,           ,           ,         -1, 
          ,           ,           ,           ,         -1, 
          ,           ,           ,           ,         -1, 
          ,           ,           ,           ,         -1, 
          ,           ,           ,           ,         -1, 
26 : dougu_cream_2_04,    8978458,       1958,          3,        197, 
          ,           ,       1959,           ,        294, 
          ,           ,       1960,           ,        355, 
          ,           ,       1961,           ,         -1, 
          ,           ,       1962,           ,         -1, 
          ,           ,         -1,           ,         -1, 
          ,           ,         -1,           ,         -1, 
          ,           ,         -1,           ,         -1, 
          ,           ,         -1,           ,         -1, 
          ,           ,         -1,           ,         -1, 
          ,           ,         -1,           ,         -1, 
          ,           ,         -1,           ,         -1, 
          ,           ,         -1,           ,         -1, 
          ,           ,         -1,           ,         -1, 
          ,           ,         -1,           ,         -1, 
          ,           ,           ,           ,         -1, 
          ,           ,           ,           ,         -1, 
          ,           ,           ,           ,         -1, 
          ,           ,           ,           ,         -1, 
          ,           ,           ,           ,         -1, 
          ,           ,           ,           ,         -1, 
27 : dougu_cream_2_05,    8978459,       1963,          2,        197, 
          ,           ,       1964,           ,        355, 
          ,           ,       1965,           ,         -1, 
          ,           ,       1966,           ,         -1, 
          ,           ,       1967,           ,         -1, 
          ,           ,         -1,           ,         -1, 
          ,           ,         -1,           ,         -1, 
          ,           ,         -1,           ,         -1, 
          ,           ,         -1,           ,         -1, 
          ,           ,         -1,           ,         -1, 
          ,           ,         -1,           ,         -1, 
          ,           ,         -1,           ,         -1, 
          ,           ,         -1,           ,         -1, 
          ,           ,         -1,           ,         -1, 
          ,           ,         -1,           ,         -1, 
          ,           ,           ,           ,         -1, 
          ,           ,           ,           ,         -1, 
          ,           ,           ,           ,         -1, 
          ,           ,           ,           ,         -1, 
          ,           ,           ,           ,         -1, 
          ,           ,           ,           ,         -1, 
28 : dougu_cream_2_06,    8978460,       1968,          0,         -1, 
          ,           ,       1969,           ,         -1, 
          ,           ,       1970,           ,         -1, 
          ,           ,       1971,           ,         -1, 
          ,           ,       1972,           ,         -1, 
          ,           ,         -1,           ,         -1, 
          ,           ,         -1,           ,         -1, 
          ,           ,         -1,           ,         -1, 
          ,           ,         -1,           ,         -1, 
          ,           ,         -1,           ,         -1, 
          ,           ,         -1,           ,         -1, 
          ,           ,         -1,           ,         -1, 
          ,           ,         -1,           ,         -1, 
          ,           ,         -1,           ,         -1, 
          ,           ,         -1,           ,         -1, 
          ,           ,           ,           ,         -1, 
          ,           ,           ,           ,         -1, 
          ,           ,           ,           ,         -1, 
          ,           ,           ,           ,         -1, 
          ,           ,           ,           ,         -1, 
          ,           ,           ,           ,         -1, 
29 : dougu_handhibom_1_01,    8978461,       1973,          6,          0, 
          ,           ,       1974,           ,        228, 
          ,           ,       1975,           ,        225, 
          ,           ,       1976,           ,        298, 
          ,           ,       1977,           ,        358, 
          ,           ,         -1,           ,        360, 
          ,           ,         -1,           ,         -1, 
          ,           ,         -1,           ,         -1, 
          ,           ,         -1,           ,         -1, 
          ,           ,         -1,           ,         -1, 
          ,           ,         -1,           ,         -1, 
          ,           ,         -1,           ,         -1, 
          ,           ,         -1,           ,         -1, 
          ,           ,         -1,           ,         -1, 
          ,           ,         -1,           ,         -1, 
          ,           ,           ,           ,         -1, 
          ,           ,           ,           ,         -1, 
          ,           ,           ,           ,         -1, 
          ,           ,           ,           ,         -1, 
          ,           ,           ,           ,         -1, 
          ,           ,           ,           ,         -1, 
30 : dougu_handhibom_1_02,    8978462,       1978,          4,        225, 
          ,           ,       1979,           ,        298, 
          ,           ,       1980,           ,        358, 
          ,           ,       1981,           ,        360, 
          ,           ,       1982,           ,         -1, 
          ,           ,       1983,           ,         -1, 
          ,           ,       1984,           ,         -1, 
          ,           ,       1985,           ,         -1, 
          ,           ,       1986,           ,         -1, 
          ,           ,       1987,           ,         -1, 
          ,           ,         -1,           ,         -1, 
          ,           ,         -1,           ,         -1, 
          ,           ,         -1,           ,         -1, 
          ,           ,         -1,           ,         -1, 
          ,           ,         -1,           ,         -1, 
          ,           ,           ,           ,         -1, 
          ,           ,           ,           ,         -1, 
          ,           ,           ,           ,         -1, 
          ,           ,           ,           ,         -1, 
          ,           ,           ,           ,         -1, 
          ,           ,           ,           ,         -1, 
31 : dougu_handhibom_1_03,    8978463,       1988,          3,        298, 
          ,           ,       1989,           ,        358, 
          ,           ,       1990,           ,        360, 
          ,           ,       1991,           ,         -1, 
          ,           ,       1992,           ,         -1, 
          ,           ,         -1,           ,         -1, 
          ,           ,         -1,           ,         -1, 
          ,           ,         -1,           ,         -1, 
          ,           ,         -1,           ,         -1, 
          ,           ,         -1,           ,         -1, 
          ,           ,         -1,           ,         -1, 
          ,           ,         -1,           ,         -1, 
          ,           ,         -1,           ,         -1, 
          ,           ,         -1,           ,         -1, 
          ,           ,         -1,           ,         -1, 
          ,           ,           ,           ,         -1, 
          ,           ,           ,           ,         -1, 
          ,           ,           ,           ,         -1, 
          ,           ,           ,           ,         -1, 
          ,           ,           ,           ,         -1, 
          ,           ,           ,           ,         -1, 
32 : dougu_handhibom_1_04,    8978464,       1993,          3,        298, 
          ,           ,       1994,           ,        358, 
          ,           ,       1995,           ,        360, 
          ,           ,       1996,           ,         -1, 
          ,           ,       1997,           ,         -1, 
          ,           ,         -1,           ,         -1, 
          ,           ,         -1,           ,         -1, 
          ,           ,         -1,           ,         -1, 
          ,           ,         -1,           ,         -1, 
          ,           ,         -1,           ,         -1, 
          ,           ,         -1,           ,         -1, 
          ,           ,         -1,           ,         -1, 
          ,           ,         -1,           ,         -1, 
          ,           ,         -1,           ,         -1, 
          ,           ,         -1,           ,         -1, 
          ,           ,           ,           ,         -1, 
          ,           ,           ,           ,         -1, 
          ,           ,           ,           ,         -1, 
          ,           ,           ,           ,         -1, 
          ,           ,           ,           ,         -1, 
          ,           ,           ,           ,         -1, 
33 : dougu_handhibom_1_05,    8978465,       1998,          1,        298, 
          ,           ,       1999,           ,         -1, 
          ,           ,       2000,           ,         -1, 
          ,           ,       2001,           ,         -1, 
          ,           ,       2002,           ,         -1, 
          ,           ,         -1,           ,         -1, 
          ,           ,         -1,           ,         -1, 
          ,           ,         -1,           ,         -1, 
          ,           ,         -1,           ,         -1, 
          ,           ,         -1,           ,         -1, 
          ,           ,         -1,           ,         -1, 
          ,           ,         -1,           ,         -1, 
          ,           ,         -1,           ,         -1, 
          ,           ,         -1,           ,         -1, 
          ,           ,         -1,           ,         -1, 
          ,           ,           ,           ,         -1, 
          ,           ,           ,           ,         -1, 
          ,           ,           ,           ,         -1, 
          ,           ,           ,           ,         -1, 
          ,           ,           ,           ,         -1, 
          ,           ,           ,           ,         -1, 
34 : dougu_handhibom_2_01,    8978466,       1973,          6,          0, 
          ,           ,       1974,           ,        228, 
          ,           ,       1975,           ,        225, 
          ,           ,       1976,           ,        298, 
          ,           ,       1977,           ,        358, 
          ,           ,         -1,           ,        360, 
          ,           ,         -1,           ,         -1, 
          ,           ,         -1,           ,         -1, 
          ,           ,         -1,           ,         -1, 
          ,           ,         -1,           ,         -1, 
          ,           ,         -1,           ,         -1, 
          ,           ,         -1,           ,         -1, 
          ,           ,         -1,           ,         -1, 
          ,           ,         -1,           ,         -1, 
          ,           ,         -1,           ,         -1, 
          ,           ,           ,           ,         -1, 
          ,           ,           ,           ,         -1, 
          ,           ,           ,           ,         -1, 
          ,           ,           ,           ,         -1, 
          ,           ,           ,           ,         -1, 
          ,           ,           ,           ,         -1, 
35 : dougu_handhibom_2_02,    8978467,       1978,          4,        225, 
          ,           ,       1979,           ,        298, 
          ,           ,       1980,           ,        358, 
          ,           ,       1981,           ,        360, 
          ,           ,       1982,           ,         -1, 
          ,           ,         -1,           ,         -1, 
          ,           ,         -1,           ,         -1, 
          ,           ,         -1,           ,         -1, 
          ,           ,         -1,           ,         -1, 
          ,           ,         -1,           ,         -1, 
          ,           ,         -1,           ,         -1, 
          ,           ,         -1,           ,         -1, 
          ,           ,         -1,           ,         -1, 
          ,           ,         -1,           ,         -1, 
          ,           ,         -1,           ,         -1, 
          ,           ,           ,           ,         -1, 
          ,           ,           ,           ,         -1, 
          ,           ,           ,           ,         -1, 
          ,           ,           ,           ,         -1, 
          ,           ,           ,           ,         -1, 
          ,           ,           ,           ,         -1, 
36 : dougu_handhibom_2_03,    8978468,       1983,          3,        298, 
          ,           ,       1984,           ,        358, 
          ,           ,       1985,           ,        360, 
          ,           ,       1986,           ,         -1, 
          ,           ,       1987,           ,         -1, 
          ,           ,         -1,           ,         -1, 
          ,           ,         -1,           ,         -1, 
          ,           ,         -1,           ,         -1, 
          ,           ,         -1,           ,         -1, 
          ,           ,         -1,           ,         -1, 
          ,           ,         -1,           ,         -1, 
          ,           ,         -1,           ,         -1, 
          ,           ,         -1,           ,         -1, 
          ,           ,         -1,           ,         -1, 
          ,           ,         -1,           ,         -1, 
          ,           ,           ,           ,         -1, 
          ,           ,           ,           ,         -1, 
          ,           ,           ,           ,         -1, 
          ,           ,           ,           ,         -1, 
          ,           ,           ,           ,         -1, 
          ,           ,           ,           ,         -1, 
37 : dougu_handhibom_2_04,    8978469,       1988,          3,        298, 
          ,           ,       1989,           ,        358, 
          ,           ,       1990,           ,        360, 
          ,           ,       1991,           ,         -1, 
          ,           ,       1992,           ,         -1, 
          ,           ,         -1,           ,         -1, 
          ,           ,         -1,           ,         -1, 
          ,           ,         -1,           ,         -1, 
          ,           ,         -1,           ,         -1, 
          ,           ,         -1,           ,         -1, 
          ,           ,         -1,           ,         -1, 
          ,           ,         -1,           ,         -1, 
          ,           ,         -1,           ,         -1, 
          ,           ,         -1,           ,         -1, 
          ,           ,         -1,           ,         -1, 
          ,           ,           ,           ,         -1, 
          ,           ,           ,           ,         -1, 
          ,           ,           ,           ,         -1, 
          ,           ,           ,           ,         -1, 
          ,           ,           ,           ,         -1, 
          ,           ,           ,           ,         -1, 
38 : dougu_handhibom_2_05,    8978470,       1993,          3,        298, 
          ,           ,       1994,           ,        358, 
          ,           ,       1995,           ,        360, 
          ,           ,       1996,           ,         -1, 
          ,           ,       1997,           ,         -1, 
          ,           ,         -1,           ,         -1, 
          ,           ,         -1,           ,         -1, 
          ,           ,         -1,           ,         -1, 
          ,           ,         -1,           ,         -1, 
          ,           ,         -1,           ,         -1, 
          ,           ,         -1,           ,         -1, 
          ,           ,         -1,           ,         -1, 
          ,           ,         -1,           ,         -1, 
          ,           ,         -1,           ,         -1, 
          ,           ,         -1,           ,         -1, 
          ,           ,           ,           ,         -1, 
          ,           ,           ,           ,         -1, 
          ,           ,           ,           ,         -1, 
          ,           ,           ,           ,         -1, 
          ,           ,           ,           ,         -1, 
          ,           ,           ,           ,         -1, 
39 : dougu_handhibom_2_06,    8978471,       1998,          1,        298, 
          ,           ,       1999,           ,         -1, 
          ,           ,       2000,           ,         -1, 
          ,           ,       2001,           ,         -1, 
          ,           ,       2002,           ,         -1, 
          ,           ,         -1,           ,         -1, 
          ,           ,         -1,           ,         -1, 
          ,           ,         -1,           ,         -1, 
          ,           ,         -1,           ,         -1, 
          ,           ,         -1,           ,         -1, 
          ,           ,         -1,           ,         -1, 
          ,           ,         -1,           ,         -1, 
          ,           ,         -1,           ,         -1, 
          ,           ,         -1,           ,         -1, 
          ,           ,         -1,           ,         -1, 
          ,           ,           ,           ,         -1, 
          ,           ,           ,           ,         -1, 
          ,           ,           ,           ,         -1, 
          ,           ,           ,           ,         -1, 
          ,           ,           ,           ,         -1, 
          ,           ,           ,           ,         -1, 
40 : dougu_scroll_1_01,    8978472,       2003,          5,          0, 
          ,           ,       2004,           ,          1, 
          ,           ,       2005,           ,        225, 
          ,           ,       2006,           ,        298, 
          ,           ,       2007,           ,        360, 
          ,           ,       2008,           ,         -1, 
          ,           ,       2009,           ,         -1, 
          ,           ,       2010,           ,         -1, 
          ,           ,       2011,           ,         -1, 
          ,           ,       2012,           ,         -1, 
          ,           ,         -1,           ,         -1, 
          ,           ,         -1,           ,         -1, 
          ,           ,         -1,           ,         -1, 
          ,           ,         -1,           ,         -1, 
          ,           ,         -1,           ,         -1, 
          ,           ,           ,           ,         -1, 
          ,           ,           ,           ,         -1, 
          ,           ,           ,           ,         -1, 
          ,           ,           ,           ,         -1, 
          ,           ,           ,           ,         -1, 
          ,           ,           ,           ,         -1, 
41 : dougu_scroll_1_02,    8978473,       2013,          2,        298, 
          ,           ,       2014,           ,        360, 
          ,           ,       2015,           ,         -1, 
          ,           ,       2016,           ,         -1, 
          ,           ,       2017,           ,         -1, 
          ,           ,         -1,           ,         -1, 
          ,           ,         -1,           ,         -1, 
          ,           ,         -1,           ,         -1, 
          ,           ,         -1,           ,         -1, 
          ,           ,         -1,           ,         -1, 
          ,           ,         -1,           ,         -1, 
          ,           ,         -1,           ,         -1, 
          ,           ,         -1,           ,         -1, 
          ,           ,         -1,           ,         -1, 
          ,           ,         -1,           ,         -1, 
          ,           ,           ,           ,         -1, 
          ,           ,           ,           ,         -1, 
          ,           ,           ,           ,         -1, 
          ,           ,           ,           ,         -1, 
          ,           ,           ,           ,         -1, 
          ,           ,           ,           ,         -1, 
42 : dougu_scroll_1_03,    8978474,       2018,          2,        298, 
          ,           ,       2019,           ,        360, 
          ,           ,       2020,           ,         -1, 
          ,           ,       2021,           ,         -1, 
          ,           ,       2022,           ,         -1, 
          ,           ,       2023,           ,         -1, 
          ,           ,       2024,           ,         -1, 
          ,           ,       2025,           ,         -1, 
          ,           ,       2026,           ,         -1, 
          ,           ,       2027,           ,         -1, 
          ,           ,         -1,           ,         -1, 
          ,           ,         -1,           ,         -1, 
          ,           ,         -1,           ,         -1, 
          ,           ,         -1,           ,         -1, 
          ,           ,         -1,           ,         -1, 
          ,           ,           ,           ,         -1, 
          ,           ,           ,           ,         -1, 
          ,           ,           ,           ,         -1, 
          ,           ,           ,           ,         -1, 
          ,           ,           ,           ,         -1, 
          ,           ,           ,           ,         -1, 
43 : dougu_scroll_1_04,    8978475,       2028,          0,         -1, 
          ,           ,       2029,           ,         -1, 
          ,           ,       2030,           ,         -1, 
          ,           ,       2031,           ,         -1, 
          ,           ,       2032,           ,         -1, 
          ,           ,         -1,           ,         -1, 
          ,           ,         -1,           ,         -1, 
          ,           ,         -1,           ,         -1, 
          ,           ,         -1,           ,         -1, 
          ,           ,         -1,           ,         -1, 
          ,           ,         -1,           ,         -1, 
          ,           ,         -1,           ,         -1, 
          ,           ,         -1,           ,         -1, 
          ,           ,         -1,           ,         -1, 
          ,           ,         -1,           ,         -1, 
          ,           ,           ,           ,         -1, 
          ,           ,           ,           ,         -1, 
          ,           ,           ,           ,         -1, 
          ,           ,           ,           ,         -1, 
          ,           ,           ,           ,         -1, 
          ,           ,           ,           ,         -1, 
44 : dougu_scroll_2_01,    8978476,       2003,          5,          0, 
          ,           ,       2004,           ,          1, 
          ,           ,       2005,           ,        225, 
          ,           ,       2006,           ,        298, 
          ,           ,       2007,           ,        360, 
          ,           ,         -1,           ,         -1, 
          ,           ,         -1,           ,         -1, 
          ,           ,         -1,           ,         -1, 
          ,           ,         -1,           ,         -1, 
          ,           ,         -1,           ,         -1, 
          ,           ,         -1,           ,         -1, 
          ,           ,         -1,           ,         -1, 
          ,           ,         -1,           ,         -1, 
          ,           ,         -1,           ,         -1, 
          ,           ,         -1,           ,         -1, 
          ,           ,           ,           ,         -1, 
          ,           ,           ,           ,         -1, 
          ,           ,           ,           ,         -1, 
          ,           ,           ,           ,         -1, 
          ,           ,           ,           ,         -1, 
          ,           ,           ,           ,         -1, 
45 : dougu_scroll_2_02,    8978477,       2008,          2,        298, 
          ,           ,       2009,           ,        360, 
          ,           ,       2010,           ,         -1, 
          ,           ,       2011,           ,         -1, 
          ,           ,       2012,           ,         -1, 
          ,           ,         -1,           ,         -1, 
          ,           ,         -1,           ,         -1, 
          ,           ,         -1,           ,         -1, 
          ,           ,         -1,           ,         -1, 
          ,           ,         -1,           ,         -1, 
          ,           ,         -1,           ,         -1, 
          ,           ,         -1,           ,         -1, 
          ,           ,         -1,           ,         -1, 
          ,           ,         -1,           ,         -1, 
          ,           ,         -1,           ,         -1, 
          ,           ,           ,           ,         -1, 
          ,           ,           ,           ,         -1, 
          ,           ,           ,           ,         -1, 
          ,           ,           ,           ,         -1, 
          ,           ,           ,           ,         -1, 
          ,           ,           ,           ,         -1, 
46 : dougu_scroll_2_03,    8978478,       2013,          2,        298, 
          ,           ,       2014,           ,        360, 
          ,           ,       2015,           ,         -1, 
          ,           ,       2016,           ,         -1, 
          ,           ,       2017,           ,         -1, 
          ,           ,         -1,           ,         -1, 
          ,           ,         -1,           ,         -1, 
          ,           ,         -1,           ,         -1, 
          ,           ,         -1,           ,         -1, 
          ,           ,         -1,           ,         -1, 
          ,           ,         -1,           ,         -1, 
          ,           ,         -1,           ,         -1, 
          ,           ,         -1,           ,         -1, 
          ,           ,         -1,           ,         -1, 
          ,           ,         -1,           ,         -1, 
          ,           ,           ,           ,         -1, 
          ,           ,           ,           ,         -1, 
          ,           ,           ,           ,         -1, 
          ,           ,           ,           ,         -1, 
          ,           ,           ,           ,         -1, 
          ,           ,           ,           ,         -1, 
47 : dougu_scroll_2_04,    8978479,       2018,          2,        298, 
          ,           ,       2019,           ,        360, 
          ,           ,       2020,           ,         -1, 
          ,           ,       2021,           ,         -1, 
          ,           ,       2022,           ,         -1, 
          ,           ,         -1,           ,         -1, 
          ,           ,         -1,           ,         -1, 
          ,           ,         -1,           ,         -1, 
          ,           ,         -1,           ,         -1, 
          ,           ,         -1,           ,         -1, 
          ,           ,         -1,           ,         -1, 
          ,           ,         -1,           ,         -1, 
          ,           ,         -1,           ,         -1, 
          ,           ,         -1,           ,         -1, 
          ,           ,         -1,           ,         -1, 
          ,           ,           ,           ,         -1, 
          ,           ,           ,           ,         -1, 
          ,           ,           ,           ,         -1, 
          ,           ,           ,           ,         -1, 
          ,           ,           ,           ,         -1, 
          ,           ,           ,           ,         -1, 
48 : dougu_scroll_2_05,    8978480,       2023,          2,        298, 
          ,           ,       2024,           ,        360, 
          ,           ,       2025,           ,         -1, 
          ,           ,       2026,           ,         -1, 
          ,           ,       2027,           ,         -1, 
          ,           ,         -1,           ,         -1, 
          ,           ,         -1,           ,         -1, 
          ,           ,         -1,           ,         -1, 
          ,           ,         -1,           ,         -1, 
          ,           ,         -1,           ,         -1, 
          ,           ,         -1,           ,         -1, 
          ,           ,         -1,           ,         -1, 
          ,           ,         -1,           ,         -1, 
          ,           ,         -1,           ,         -1, 
          ,           ,         -1,           ,         -1, 
          ,           ,           ,           ,         -1, 
          ,           ,           ,           ,         -1, 
          ,           ,           ,           ,         -1, 
          ,           ,           ,           ,         -1, 
          ,           ,           ,           ,         -1, 
          ,           ,           ,           ,         -1, 
49 : dougu_scroll_2_06,    8978481,       2028,          0,         -1, 
          ,           ,       2029,           ,         -1, 
          ,           ,       2030,           ,         -1, 
          ,           ,       2031,           ,         -1, 
          ,           ,       2032,           ,         -1, 
          ,           ,         -1,           ,         -1, 
          ,           ,         -1,           ,         -1, 
          ,           ,         -1,           ,         -1, 
          ,           ,         -1,           ,         -1, 
          ,           ,         -1,           ,         -1, 
          ,           ,         -1,           ,         -1, 
          ,           ,         -1,           ,         -1, 
          ,           ,         -1,           ,         -1, 
          ,           ,         -1,           ,         -1, 
          ,           ,         -1,           ,         -1, 
          ,           ,           ,           ,         -1, 
          ,           ,           ,           ,         -1, 
          ,           ,           ,           ,         -1, 
          ,           ,           ,           ,         -1, 
          ,           ,           ,           ,         -1, 
          ,           ,           ,           ,         -1, 
50 : dougu_spatk_1_01,    8978482,       2033,         10,          0, 
          ,           ,       2034,           ,        260, 
          ,           ,       2035,           ,        299, 
          ,           ,       2036,           ,          3, 
          ,           ,       2037,           ,        162, 
          ,           ,       2038,           ,        225, 
          ,           ,       2039,           ,        197, 
          ,           ,       2040,           ,        294, 
          ,           ,       2041,           ,        261, 
          ,           ,       2042,           ,        359, 
          ,           ,         -1,           ,         -1, 
          ,           ,         -1,           ,         -1, 
          ,           ,         -1,           ,         -1, 
          ,           ,         -1,           ,         -1, 
          ,           ,         -1,           ,         -1, 
          ,           ,           ,           ,         -1, 
          ,           ,           ,           ,         -1, 
          ,           ,           ,           ,         -1, 
          ,           ,           ,           ,         -1, 
          ,           ,           ,           ,         -1, 
          ,           ,           ,           ,         -1, 
51 : dougu_spatk_1_02,    8978483,       2043,          4,        299, 
          ,           ,       2044,           ,        225, 
          ,           ,       2045,           ,        294, 
          ,           ,       2046,           ,        359, 
          ,           ,       2047,           ,         -1, 
          ,           ,       2053,           ,         -1, 
          ,           ,       2054,           ,         -1, 
          ,           ,       2055,           ,         -1, 
          ,           ,       2056,           ,         -1, 
          ,           ,       2057,           ,         -1, 
          ,           ,         -1,           ,         -1, 
          ,           ,         -1,           ,         -1, 
          ,           ,         -1,           ,         -1, 
          ,           ,         -1,           ,         -1, 
          ,           ,         -1,           ,         -1, 
          ,           ,           ,           ,         -1, 
          ,           ,           ,           ,         -1, 
          ,           ,           ,           ,         -1, 
          ,           ,           ,           ,         -1, 
          ,           ,           ,           ,         -1, 
          ,           ,           ,           ,         -1, 
52 : dougu_spatk_1_03,    8978484,       2048,          2,        299, 
          ,           ,       2049,           ,        359, 
          ,           ,       2050,           ,         -1, 
          ,           ,       2051,           ,         -1, 
          ,           ,       2052,           ,         -1, 
          ,           ,         -1,           ,         -1, 
          ,           ,         -1,           ,         -1, 
          ,           ,         -1,           ,         -1, 
          ,           ,         -1,           ,         -1, 
          ,           ,         -1,           ,         -1, 
          ,           ,         -1,           ,         -1, 
          ,           ,         -1,           ,         -1, 
          ,           ,         -1,           ,         -1, 
          ,           ,         -1,           ,         -1, 
          ,           ,         -1,           ,         -1, 
          ,           ,           ,           ,         -1, 
          ,           ,           ,           ,         -1, 
          ,           ,           ,           ,         -1, 
          ,           ,           ,           ,         -1, 
          ,           ,           ,           ,         -1, 
          ,           ,           ,           ,         -1, 
53 : dougu_spatk_2_01,    8978485,       2033,         10,          0, 
          ,           ,       2034,           ,        260, 
          ,           ,       2035,           ,        299, 
          ,           ,       2036,           ,          3, 
          ,           ,       2037,           ,        162, 
          ,           ,         -1,           ,        225, 
          ,           ,         -1,           ,        197, 
          ,           ,         -1,           ,        294, 
          ,           ,         -1,           ,        261, 
          ,           ,         -1,           ,        359, 
          ,           ,         -1,           ,         -1, 
          ,           ,         -1,           ,         -1, 
          ,           ,         -1,           ,         -1, 
          ,           ,         -1,           ,         -1, 
          ,           ,         -1,           ,         -1, 
          ,           ,           ,           ,         -1, 
          ,           ,           ,           ,         -1, 
          ,           ,           ,           ,         -1, 
          ,           ,           ,           ,         -1, 
          ,           ,           ,           ,         -1, 
          ,           ,           ,           ,         -1, 
54 : dougu_spatk_2_02,    8978486,       2038,          4,        299, 
          ,           ,       2039,           ,        225, 
          ,           ,       2040,           ,        294, 
          ,           ,       2041,           ,        359, 
          ,           ,       2042,           ,         -1, 
          ,           ,         -1,           ,         -1, 
          ,           ,         -1,           ,         -1, 
          ,           ,         -1,           ,         -1, 
          ,           ,         -1,           ,         -1, 
          ,           ,         -1,           ,         -1, 
          ,           ,         -1,           ,         -1, 
          ,           ,         -1,           ,         -1, 
          ,           ,         -1,           ,         -1, 
          ,           ,         -1,           ,         -1, 
          ,           ,         -1,           ,         -1, 
          ,           ,           ,           ,         -1, 
          ,           ,           ,           ,         -1, 
          ,           ,           ,           ,         -1, 
          ,           ,           ,           ,         -1, 
          ,           ,           ,           ,         -1, 
          ,           ,           ,           ,         -1, 
55 : dougu_spatk_2_03,    8978487,       2043,          4,        299, 
          ,           ,       2044,           ,        225, 
          ,           ,       2045,           ,        294, 
          ,           ,       2046,           ,        359, 
          ,           ,       2047,           ,         -1, 
          ,           ,         -1,           ,         -1, 
          ,           ,         -1,           ,         -1, 
          ,           ,         -1,           ,         -1, 
          ,           ,         -1,           ,         -1, 
          ,           ,         -1,           ,         -1, 
          ,           ,         -1,           ,         -1, 
          ,           ,         -1,           ,         -1, 
          ,           ,         -1,           ,         -1, 
          ,           ,         -1,           ,         -1, 
          ,           ,         -1,           ,         -1, 
          ,           ,           ,           ,         -1, 
          ,           ,           ,           ,         -1, 
          ,           ,           ,           ,         -1, 
          ,           ,           ,           ,         -1, 
          ,           ,           ,           ,         -1, 
          ,           ,           ,           ,         -1, 
56 : dougu_spatk_2_04,    8978488,       2048,          2,        299, 
          ,           ,       2049,           ,        359, 
          ,           ,       2050,           ,         -1, 
          ,           ,       2051,           ,         -1, 
          ,           ,       2052,           ,         -1, 
          ,           ,         -1,           ,         -1, 
          ,           ,         -1,           ,         -1, 
          ,           ,         -1,           ,         -1, 
          ,           ,         -1,           ,         -1, 
          ,           ,         -1,           ,         -1, 
          ,           ,         -1,           ,         -1, 
          ,           ,         -1,           ,         -1, 
          ,           ,         -1,           ,         -1, 
          ,           ,         -1,           ,         -1, 
          ,           ,         -1,           ,         -1, 
          ,           ,           ,           ,         -1, 
          ,           ,           ,           ,         -1, 
          ,           ,           ,           ,         -1, 
          ,           ,           ,           ,         -1, 
          ,           ,           ,           ,         -1, 
          ,           ,           ,           ,         -1, 
57 : dougu_spatk_2_05,    8978489,       2053,          0,         -1, 
          ,           ,       2054,           ,         -1, 
          ,           ,       2055,           ,         -1, 
          ,           ,       2056,           ,         -1, 
          ,           ,       2057,           ,         -1, 
          ,           ,         -1,           ,         -1, 
          ,           ,         -1,           ,         -1, 
          ,           ,         -1,           ,         -1, 
          ,           ,         -1,           ,         -1, 
          ,           ,         -1,           ,         -1, 
          ,           ,         -1,           ,         -1, 
          ,           ,         -1,           ,         -1, 
          ,           ,         -1,           ,         -1, 
          ,           ,         -1,           ,         -1, 
          ,           ,         -1,           ,         -1, 
          ,           ,           ,           ,         -1, 
          ,           ,           ,           ,         -1, 
          ,           ,           ,           ,         -1, 
          ,           ,           ,           ,         -1, 
          ,           ,           ,           ,         -1, 
          ,           ,           ,           ,         -1, 
58 : QE0820_S_000,    8978490,         -1,          0,         -1, 
          ,           ,         -1,           ,         -1, 
          ,           ,         -1,           ,         -1, 
          ,           ,         -1,           ,         -1, 
          ,           ,         -1,           ,         -1, 
          ,           ,         -1,           ,         -1, 
          ,           ,         -1,           ,         -1, 
          ,           ,         -1,           ,         -1, 
          ,           ,         -1,           ,         -1, 
          ,           ,         -1,           ,         -1, 
          ,           ,         -1,           ,         -1, 
          ,           ,         -1,           ,         -1, 
          ,           ,         -1,           ,         -1, 
          ,           ,         -1,           ,         -1, 
          ,           ,         -1,           ,         -1, 
          ,           ,           ,           ,         -1, 
          ,           ,           ,           ,         -1, 
          ,           ,           ,           ,         -1, 
          ,           ,           ,           ,         -1, 
          ,           ,           ,           ,         -1, 
          ,           ,           ,           ,         -1, 
59 : QE1020_S_000,    8978491,         -1,          0,         -1, 
          ,           ,         -1,           ,         -1, 
          ,           ,         -1,           ,         -1, 
          ,           ,         -1,           ,         -1, 
          ,           ,         -1,           ,         -1, 
          ,           ,         -1,           ,         -1, 
          ,           ,         -1,           ,         -1, 
          ,           ,         -1,           ,         -1, 
          ,           ,         -1,           ,         -1, 
          ,           ,         -1,           ,         -1, 
          ,           ,         -1,           ,         -1, 
          ,           ,         -1,           ,         -1, 
          ,           ,         -1,           ,         -1, 
          ,           ,         -1,           ,         -1, 
          ,           ,         -1,           ,         -1, 
          ,           ,           ,           ,         -1, 
          ,           ,           ,           ,         -1, 
          ,           ,           ,           ,         -1, 
          ,           ,           ,           ,         -1, 
          ,           ,           ,           ,         -1, 
          ,           ,           ,           ,         -1, 

